{
    "display": {
        "icon": {
            "item": "minecraft:golden_sword",
            "nbt": "{}"
        },
        "title": "Fatality",
        "description": "Kill a red player while on your last life",
        "frame": "goal",
        "show_toast": true,
        "announce_to_chat": true,
        "hidden": false
    },
    "parent": "new_life:kill_player",
    "criteria": {
        "kill_red_on_red": {
            "trigger": "minecraft:player_killed_entity",
            "conditions": {
                "entity": {
                    "type": "minecraft:player",
                    "team": "red"
                },
                "player": {
                    "team": "red"
                }
            }
        }
    }
}