{
    "display": {
        "icon": {
            "item": "minecraft:iron_sword",
            "nbt": "{}"
        },
        "title": "Taste for Death",
        "description": "Kill another player",
        "frame": "task",
        "show_toast": true,
        "announce_to_chat": true,
        "hidden": false
    },
    "parent": "new_life:root",
    "criteria": {
        "kill": {
            "trigger": "minecraft:player_killed_entity",
            "conditions": {
                "entity": {
                    "type": "minecraft:player"
                }
            }
        }
    }
}